,world_rank,world_rank,national_rank,national_rank,alumni_employment,alumni_employment,quality_of_education,quality_of_education,quality_of_faculty,quality_of_faculty,broad_impact,broad_impact,influence,influence,score,score,international_students_%,international_students_%,student_staff_ratio,student_staff_ratio
,mean,median,mean,median,mean,median,mean,median,mean,median,mean,median,mean,median,mean,median,mean,median,mean,median
cluster,,,,,,,,,,,,,,,,,,,,
dark purple,270.5132075471698,264.0,23.467924528301886,8.0,349.57735849056604,377.0,271.81509433962265,316.0,188.5622641509434,210.0,262.62264150943395,265.0,275.07169811320756,264.0,46.97883018867924,46.58,0.1671698113207547,0.15,20.315094339622643,17.0
pink,89.90871369294605,87.0,20.439834024896264,8.0,158.08713692946057,126.0,143.88796680497924,111.0,113.80082987551867,102.0,98.53526970954357,89.0,106.19087136929461,92.0,57.52074688796681,51.96,0.17659751037344398,0.15,14.347717842323652,13.1
purple,601.9323308270676,593.0,29.13533834586466,13.0,404.0827067669173,478.0,333.90977443609023,355.0,211.08270676691728,210.0,605.015037593985,569.0,631.0300751879699,638.0,44.84338345864662,44.72,0.15278195488721805,0.14,21.404511278195486,18.7
